Month,Starting_Balance,Monthly_Payment,Principal_Payment,Interest_Payment,Ending_Balance
1,250000.0,1826.4541006950042,1201.4541006950042,625.0,248798.545899305
2,248798.545899305,1826.4541006950042,1204.4577359467416,621.9963647482625,247594.08816335825
3,247594.08816335825,1826.4541006950042,1207.4688802866085,618.9852204083957,246386.61928307163
4,246386.61928307163,1826.4541006950042,1210.487552487325,615.9665482076791,245176.1317305843
5,245176.1317305843,1826.4541006950042,1213.5137713685435,612.9403293264608,243962.61795921577
6,243962.61795921577,1826.4541006950042,1216.5475557969648,609.9065448980394,242746.0704034188
7,242746.0704034188,1826.4541006950042,1219.5889246864572,606.865176008547,241526.48147873234
8,241526.48147873234,1826.4541006950042,1222.6378969981733,603.8162036968308,240303.84358173417
9,240303.84358173417,1826.4541006950042,1225.6944917406686,600.7596089543355,239078.1490899935
10,239078.1490899935,1826.4541006950042,1228.7587279700206,597.6953727249837,237849.3903620235
11,237849.3903620235,1826.4541006950042,1231.8306247899454,594.6234759050587,236617.55973723356
12,236617.55973723356,1826.4541006950042,1234.9102013519203,591.5438993430839,235382.64953588165
13,235382.64953588165,1826.4541006950042,1237.9974768553002,588.4566238397041,234144.65205902635
14,234144.65205902635,1826.4541006950042,1241.0924705474383,585.3616301475658,232903.5595884789
15,232903.5595884789,1826.4541006950042,1244.1952017238068,582.2588989711973,231659.3643867551
16,231659.3643867551,1826.4541006950042,1247.3056897281162,579.1484109668878,230412.05869702698
17,230412.05869702698,1826.4541006950042,1250.4239539524367,576.0301467425675,229161.63474307454
18,229161.63474307454,1826.4541006950042,1253.5500138373177,572.9040868576864,227908.08472923722
19,227908.08472923722,1826.4541006950042,1256.6838888719112,569.7702118230931,226651.4008403653
20,226651.4008403653,1826.4541006950042,1259.825598594091,566.6285021009132,225391.5752417712
21,225391.5752417712,1826.4541006950042,1262.975162590576,563.478938104428,224128.60007918064
22,224128.60007918064,1826.4541006950042,1266.1326004970524,560.3215001979517,222862.4674786836
23,222862.4674786836,1826.4541006950042,1269.297931998295,557.156168696709,221593.1695466853
24,221593.1695466853,1826.4541006950042,1272.471176828291,553.9829238667132,220320.698369857
25,220320.698369857,1826.4541006950042,1275.6523547703616,550.8017459246425,219045.04601508664
26,219045.04601508664,1826.4541006950042,1278.8414856572876,547.6126150377166,217766.20452942935
27,217766.20452942935,1826.4541006950042,1282.0385893714308,544.4155113235734,216484.16594005792
28,216484.16594005792,1826.4541006950042,1285.2436858448593,541.2104148501448,215198.92225421307
29,215198.92225421307,1826.4541006950042,1288.4567950594715,537.9973056355327,213910.4654591536
30,213910.4654591536,1826.4541006950042,1291.6779370471202,534.776163647884,212618.7875221065
31,212618.7875221065,1826.4541006950042,1294.907131889738,531.5469688052663,211323.88039021674
32,211323.88039021674,1826.4541006950042,1298.1443997194624,528.3097009755419,210025.73599049728
33,210025.73599049728,1826.4541006950042,1301.389760718761,525.0643399762432,208724.34622977852
34,208724.34622977852,1826.4541006950042,1304.6432351205578,521.8108655744463,207419.70299465797
35,207419.70299465797,1826.4541006950042,1307.9048432083591,518.5492574866449,206111.79815144962
36,206111.79815144962,1826.4541006950042,1311.1746053163802,515.279495378624,204800.62354613325
37,204800.62354613325,1826.4541006950042,1314.4525418296712,512.0015588653331,203486.1710043036
38,203486.1710043036,1826.4541006950042,1317.7386731842453,508.71542751075896,202168.43233111934
39,202168.43233111934,1826.4541006950042,1321.033019867206,505.4210808277984,200847.39931125214
40,200847.39931125214,1826.4541006950042,1324.3356024168738,502.11849827813035,199523.06370883528
41,199523.06370883528,1826.4541006950042,1327.646441422916,498.8076592720882,198195.41726741235
42,198195.41726741235,1826.4541006950042,1330.9655575264733,495.4885431685309,196864.45170988588
43,196864.45170988588,1826.4541006950042,1334.2929714202894,492.1611292747147,195530.1587384656
44,195530.1587384656,1826.4541006950042,1337.6287038488401,488.82539684616404,194192.53003461676
45,194192.53003461676,1826.4541006950042,1340.9727756084621,485.4813250865419,192851.5572590083
46,192851.5572590083,1826.4541006950042,1344.3252075474834,482.1288931475207,191507.2320514608
47,191507.2320514608,1826.4541006950042,1347.6860205663522,478.768080128652,190159.54603089445
48,190159.54603089445,1826.4541006950042,1351.0552356177682,475.3988650772361,188808.49079527668
49,188808.49079527668,1826.4541006950042,1354.4328737068124,472.0212269881917,187454.05792156988
50,187454.05792156988,1826.4541006950042,1357.8189558910794,468.63514480392473,186096.23896567881
51,186096.23896567881,1826.4541006950042,1361.2135032808071,465.24059741419705,184735.025462398
52,184735.025462398,1826.4541006950042,1364.616537039009,461.83756365599504,183370.408925359
53,183370.408925359,1826.4541006950042,1368.0280783816067,458.4260223133975,182002.38084697738
54,182002.38084697738,1826.4541006950042,1371.4481485775607,455.0059521174435,180630.93269839982
55,180630.93269839982,1826.4541006950042,1374.8767689490046,451.5773317459996,179256.0559294508
56,179256.0559294508,1826.4541006950042,1378.313960871377,448.14013982362707,177877.74196857944
57,177877.74196857944,1826.4541006950042,1381.7597457735556,444.6943549214486,176495.98222280588
58,176495.98222280588,1826.4541006950042,1385.2141451379894,441.2399555570147,175110.7680776679
59,175110.7680776679,1826.4541006950042,1388.6771805008343,437.77692019416975,173722.09089716704
60,173722.09089716704,1826.4541006950042,1392.1488734520865,434.3052272429176,172329.94202371495
61,172329.94202371495,1826.4541006950042,1395.6292456357169,430.82485505928736,170934.31277807924
62,170934.31277807924,1826.4541006950042,1399.1183187498061,427.3357819451981,169535.19445932945
63,169535.19445932945,1826.4541006950042,1402.6161145466806,423.83798614832364,168132.57834478276
64,168132.57834478276,1826.4541006950042,1406.1226548330474,420.3314458619569,166726.4556899497
65,166726.4556899497,1826.4541006950042,1409.63796147013,416.8161392248743,165316.81772847957
66,165316.81772847957,1826.4541006950042,1413.1620563738052,413.29204432119894,163903.65567210576
67,163903.65567210576,1826.4541006950042,1416.6949615147398,409.7591391802644,162486.96071059103
68,162486.96071059103,1826.4541006950042,1420.2366989185266,406.2174017764776,161066.7240116725
69,161066.7240116725,1826.4541006950042,1423.7872906658229,402.66681002918125,159642.93672100667
70,159642.93672100667,1826.4541006950042,1427.3467588924875,399.10734180251666,158215.58996211417
71,158215.58996211417,1826.4541006950042,1430.9151257897188,395.53897490528544,156784.67483632444
72,156784.67483632444,1826.4541006950042,1434.4924136041932,391.9616870908111,155350.18242272025
73,155350.18242272025,1826.4541006950042,1438.0786446382035,388.3754560568006,153912.10377808203
74,153912.10377808203,1826.4541006950042,1441.6738412497991,384.7802594452051,152470.42993683222
75,152470.42993683222,1826.4541006950042,1445.2780258529235,381.1760748420806,151025.1519109793
76,151025.1519109793,1826.4541006950042,1448.891220917556,377.56287977744825,149576.26069006175
77,149576.26069006175,1826.4541006950042,1452.5134489698498,373.9406517251544,148123.7472410919
78,148123.7472410919,1826.4541006950042,1456.1447325922743,370.3093681027298,146667.60250849964
79,146667.60250849964,1826.4541006950042,1459.785094423755,366.6690062712491,145207.8174140759
80,145207.8174140759,1826.4541006950042,1463.4345571598144,363.0195435351897,143744.38285691608
81,143744.38285691608,1826.4541006950042,1467.093143552714,359.3609571422902,142277.28971336337
82,142277.28971336337,1826.4541006950042,1470.7608764115957,355.6932242834084,140806.52883695177
83,140806.52883695177,1826.4541006950042,1474.4377786026248,352.0163220923794,139332.09105834915
84,139332.09105834915,1826.4541006950042,1478.1238730491314,348.33022764587287,137853.96718530002
85,137853.96718530002,1826.4541006950042,1481.8191827317542,344.6349179632501,136372.14800256825
86,136372.14800256825,1826.4541006950042,1485.5237306885836,340.9303700064206,134886.62427187967
87,134886.62427187967,1826.4541006950042,1489.237540015305,337.21656067969917,133397.38673186436
88,133397.38673186436,1826.4541006950042,1492.9606338653432,333.4934668296609,131904.426097999
89,131904.426097999,1826.4541006950042,1496.6930354500066,329.7610652449975,130407.733062549
90,130407.733062549,1826.4541006950042,1500.4347680386318,326.0193326563725,128907.29829451037
91,128907.29829451037,1826.4541006950042,1504.1858549587282,322.26824573627596,127403.11243955164
92,127403.11243955164,1826.4541006950042,1507.946319596125,318.5077810988791,125895.16611995551
93,125895.16611995551,1826.4541006950042,1511.7161853951154,314.73791529988875,124383.4499345604
94,124383.4499345604,1826.4541006950042,1515.4954758586032,310.958624836401,122867.95445870179
95,122867.95445870179,1826.4541006950042,1519.2842145482496,307.1698861467545,121348.67024415355
96,121348.67024415355,1826.4541006950042,1523.0824250846204,303.3716756103839,119825.58781906893
97,119825.58781906893,1826.4541006950042,1526.8901311473319,299.56396954767234,118298.6976879216
98,118298.6976879216,1826.4541006950042,1530.7073564752002,295.746744219804,116767.99033144639
99,116767.99033144639,1826.4541006950042,1534.534124866388,291.919975828616,115233.45620658
100,115233.45620658,1826.4541006950042,1538.3704601785541,288.08364051645,113695.08574640144
101,113695.08574640144,1826.4541006950042,1542.2163863290007,284.2377143660036,112152.86936007244
102,112152.86936007244,1826.4541006950042,1546.0719272948231,280.3821734001811,110606.79743277762
103,110606.79743277762,1826.4541006950042,1549.9371071130602,276.51699358194406,109056.86032566456
104,109056.86032566456,1826.4541006950042,1553.8119498808428,272.6421508141614,107503.04837578372
105,107503.04837578372,1826.4541006950042,1557.696479755545,268.7576209394593,105945.35189602818
106,105945.35189602818,1826.4541006950042,1561.5907209549337,264.86337974007046,104383.76117507325
107,104383.76117507325,1826.4541006950042,1565.494697757321,260.95940293768314,102818.26647731592
108,102818.26647731592,1826.4541006950042,1569.4084345017145,257.0456661932898,101248.8580428142
109,101248.8580428142,1826.4541006950042,1573.3319555879687,253.12214510703552,99675.52608722623
110,99675.52608722623,1826.4541006950042,1577.2652854769385,249.18881521806557,98098.26080174929
111,98098.26080174929,1826.4541006950042,1581.208448690631,245.24565200437323,96517.05235305867
112,96517.05235305867,1826.4541006950042,1585.1614698123576,241.29263088264668,94931.8908832463
113,94931.8908832463,1826.4541006950042,1589.1243734868883,237.32972720811577,93342.76650975941
114,93342.76650975941,1826.4541006950042,1593.0971844206056,233.35691627439854,91749.66932533881
115,91749.66932533881,1826.4541006950042,1597.0799273816572,229.37417331334703,90152.58939795716
116,90152.58939795716,1826.4541006950042,1601.0726272001114,225.3814734948929,88551.51677075705
117,88551.51677075705,1826.4541006950042,1605.0753087681114,221.37879192689263,86946.44146198894
118,86946.44146198894,1826.4541006950042,1609.0879970400317,217.36610365497236,85337.35346494892
119,85337.35346494892,1826.4541006950042,1613.1107170326318,213.3433836623723,83724.24274791629
120,83724.24274791629,1826.4541006950042,1617.1434938252135,209.31060686979072,82107.09925409107
121,82107.09925409107,1826.4541006950042,1621.1863525597764,205.26774813522766,80485.9129015313
122,80485.9129015313,1826.4541006950042,1625.239318441176,201.21478225382825,78860.67358309012
123,78860.67358309012,1826.4541006950042,1629.302416737279,197.15168395772528,77231.37116635284
124,77231.37116635284,1826.4541006950042,1633.3756727791222,193.0784279158821,75597.99549357372
125,75597.99549357372,1826.4541006950042,1637.45911196107,188.9949887339343,73960.53638161265
126,73960.53638161265,1826.4541006950042,1641.5527597409725,184.9013409540316,72318.98362187168
127,72318.98362187168,1826.4541006950042,1645.656641640325,180.7974590546792,70673.32698023136
128,70673.32698023136,1826.4541006950042,1649.7707832444257,176.68331745057841,69023.55619698693
129,69023.55619698693,1826.4541006950042,1653.8952102025369,172.55889049246733,67369.6609867844
130,67369.6609867844,1826.4541006950042,1658.0299482280432,168.42415246696098,65711.63103855636
131,65711.63103855636,1826.4541006950042,1662.1750230986133,164.2790775963909,64049.45601545774
132,64049.45601545774,1826.4541006950042,1666.3304606563597,160.12364003864437,62383.12555480138
133,62383.12555480138,1826.4541006950042,1670.4962868080006,155.95781388700345,60712.629267993376
134,60712.629267993376,1826.4541006950042,1674.6725275250208,151.78157316998343,59037.956740468355
135,59037.956740468355,1826.4541006950042,1678.8592088438334,147.5948918511709,57359.097531624524
136,57359.097531624524,1826.4541006950042,1683.056356865943,143.3977438290613,55676.04117475858
137,55676.04117475858,1826.4541006950042,1687.2639977581077,139.19010293689647,53988.77717700048
138,53988.77717700048,1826.4541006950042,1691.482157752503,134.9719429425012,52297.29501924798
139,52297.29501924798,1826.4541006950042,1695.7108631468843,130.74323754811994,50601.58415610109
140,50601.58415610109,1826.4541006950042,1699.9501403047514,126.50396039025273,48901.634015796335
141,48901.634015796335,1826.4541006950042,1704.2000156555134,122.25408503949085,47197.43400014082
142,47197.43400014082,1826.4541006950042,1708.460515694652,117.99358500035206,45488.97348444617
143,45488.97348444617,1826.4541006950042,1712.7316669838888,113.72243371111543,43776.24181746228
144,43776.24181746228,1826.4541006950042,1717.0134961513486,109.4406045436557,42059.22832131093
145,42059.22832131093,1826.4541006950042,1721.306029891727,105.14807080327734,40337.92229141921
146,40337.92229141921,1826.4541006950042,1725.6092949664562,100.84480572854802,38612.31299645275
147,38612.31299645275,1826.4541006950042,1729.9233182038722,96.53078249113187,36882.389678248874
148,36882.389678248874,1826.4541006950042,1734.248126499382,92.20597419562219,35148.14155174949
149,35148.14155174949,1826.4541006950042,1738.5837468156305,87.87035387937372,33409.55780493386
150,33409.55780493386,1826.4541006950042,1742.9302061826695,83.52389451233465,31666.627598751187
151,31666.627598751187,1826.4541006950042,1747.2875316981263,79.16656899687797,29919.34006705306
152,29919.34006705306,1826.4541006950042,1751.6557505273715,74.79835016763265,28167.68431652569
153,28167.68431652569,1826.4541006950042,1756.0348899036899,70.41921079131423,26411.649426622
154,26411.649426622,1826.4541006950042,1760.4249771284492,66.029123566555,24651.22444949355
155,24651.22444949355,1826.4541006950042,1764.8260395712703,61.62806112373388,22886.39840992228
156,22886.39840992228,1826.4541006950042,1769.2381046701985,57.2159960248057,21117.16030525208
157,21117.16030525208,1826.4541006950042,1773.6611999318739,52.792900763130206,19343.499105320207
158,19343.499105320207,1826.4541006950042,1778.0953529317037,48.35874776330052,17565.4037523885
159,17565.4037523885,1826.4541006950042,1782.540591314033,43.913509380971256,15782.863161074469
160,15782.863161074469,1826.4541006950042,1786.996942792318,39.45715790268617,13995.86621828215
161,13995.86621828215,1826.4541006950042,1791.4644351492989,34.98966554570538,12204.401783132851
162,12204.401783132851,1826.4541006950042,1795.943096237172,30.51100445783213,10408.45868689568
163,10408.45868689568,1826.4541006950042,1800.432953977765,26.021146717239198,8608.025732917915
164,8608.025732917915,1826.4541006950042,1804.9340363627093,21.520064332294787,6803.091696555206
165,6803.091696555206,1826.4541006950042,1809.4463714536162,17.007729241388017,4993.64532510159
166,4993.64532510159,1826.4541006950042,1813.96998738225,12.484113312753976,3179.67533771934
167,3179.67533771934,1826.4541006950042,1818.5049123507058,7.94918834429835,1361.1704253686341
168,1361.1704253686341,1826.4541006950042,1823.0511746315826,3.402926063421585,-461.8807492629485
169,-461.8807492629485,1826.4541006950042,1827.6088025681615,-1.1547018731573713,-2289.48955183111
170,-2289.48955183111,1826.4541006950042,1832.177824574582,-5.723723879577775,-4121.667376405692
171,-4121.667376405692,1826.4541006950042,1836.7582691360185,-10.30416844101423,-5958.425645541711
172,-5958.425645541711,1826.4541006950042,1841.3501648088584,-14.896064113854278,-7799.775810350569
173,-7799.775810350569,1826.4541006950042,1845.9535402208805,-19.499439525876422,-9645.72935057145
174,-9645.72935057145,1826.4541006950042,1850.568424071433,-24.114323376428626,-11496.297774642882
175,-11496.297774642882,1826.4541006950042,1855.1948451316114,-28.740744436607205,-13351.492619774494
176,-13351.492619774494,1826.4541006950042,1859.8328322444404,-33.37873154943623,-15211.325452018933
177,-15211.325452018933,1826.4541006950042,1864.4824143250514,-38.028313630047336,-17075.807866343985
178,-17075.807866343985,1826.4541006950042,1869.1436203608641,-42.68951966585996,-18944.95148670485
179,-18944.95148670485,1826.4541006950042,1873.8164794117663,-47.36237871676212,-20818.767966116615
180,-20818.767966116615,1826.4541006950042,1878.5010206102957,-52.04691991529154,-22697.26898672691
